{"stats":{"minecraft:killed_by":{"alexsmobs:murmur_head":1},"minecraft:broken":{"minecraft:iron_shovel":1,"minecraft:stone_pickaxe":1,"minecraft:stone_axe":1,"minecraft:iron_hoe":1,"minecraft:stone_hoe":1,"minecraft:iron_axe":4,"minecraft:iron_pickaxe":2},"minecraft:picked_up":{"minecraft:wheat":349,"minecraft:anvil":1,"minecraft:brewing_stand":1,"minecraft:string":19,"minecraft:raw_copper":185,"createindustry:raw_nickel":43,"minecraft:iron_leggings":1,"minecraft:beetroot":23,"minecraft:gold_nugget":1,"create:mechanical_press":1,"minecraft:cobbled_deepslate":508,"minecraft:bucket":1,"delightful:acorn":31,"regions_unexplored:maple_shrub":1,"createindustry:raw_lead":61,"minecraft:cobblestone_slab":1,"minecraft:calcite":1,"minecraft:iron_boots":2,"minecraft:furnace":10,"minecraft:stick":161,"createcafe:coffee_fruit":183,"regions_unexplored:corpse_flower":1,"minecraft:composter":3,"minecraft:torch":38,"create:andesite_casing":252,"quark:blossom_log":11,"minecraft:porkchop":22,"createcafe:cassava_seeds":222,"minecraft:diorite":512,"supplementaries:flax":7,"minecraft:cauldron":4,"create:large_cogwheel":3,"garnished:ungarnished_chestnut":2,"minecraft:rotten_flesh":11,"createcafe:coffee_beans":177,"farmersdelight:onion":34,"garnished:nut_log":10,"supplementaries:ash":40,"minecraft:obsidian":4,"alexsmobs:lobster_tail":14,"minecraft:cobblestone":429,"minecraft:birch_log":131,"minecraft:magma_block":1,"minecraft:feather":7,"minecraft:water_bucket":1,"minecraft:andesite":26,"minecraft:potato":2,"create:belt_connector":1,"minecraft:flint":16,"minecraft:tuff":24,"create:raw_zinc":86,"farmersrespite:coffee_beans":1,"supplementaries:flax_seeds":26,"create:incomplete_precision_mechanism":2,"minecraft:lapis_lazuli":62,"farmersdelight:tomato":11,"minecraft:dirt":1499,"minecraft:bone":13,"create_new_age:magnetite_block":2,"delightful:mini_melon":2,"minecraft:wheat_seeds":1452,"minecraft:raw_gold":71,"regions_unexplored:pink_bioshroom":1,"create:shaft":37,"minecraft:fletching_table":2,"create:super_glue":1,"minecraft:oak_planks":45,"create_questing:blueprint":1,"create:cogwheel":3,"creatingspace:deepslate_nickel_ore":1,"regions_unexplored:blue_bioshroom_block":2,"minecraft:sand":16,"createindustry:raw_lithium":41,"minecraft:grass_block":5,"minecraft:mossy_cobblestone":1,"minecraft:diamond":36,"minecraft:deepslate":697,"create_connected:six_way_gearbox":7,"minecraft:deepslate_gold_ore":1,"minecraft:granite":17,"minecraft:emerald":3,"minecraft:bread":3,"minecraft:oak_sapling":212,"creatingspace:raw_nickel":16,"minecraft:crafting_table":16,"create_new_age:thorium":224,"minecraft:allium":1,"minecraft:azure_bluet":3,"minecraft:chicken":4,"minecraft:brown_mushroom":1,"minecraft:pink_wool":1,"regions_unexplored:blue_bioshroom":2,"create:mechanical_harvester":4,"garnished:ungarnished_pecan":1,"minecraft:white_carpet":1,"minecraft:cartography_table":1,"minecraft:deepslate_diamond_ore":5,"minecraft:beef":2,"farmersdelight:straw":37,"minecraft:poppy":2,"minecraft:light_gray_wool":4,"minecraft:lectern":4,"minecraft:sugar_cane":164,"minecraft:birch_sapling":21,"create:linear_chassis":41,"minecraft:egg":20,"minecraft:raw_iron":142,"minecraft:stone":167,"minecraft:oak_door":2,"regions_unexplored:volcanic_ash":1,"farmersdelight:tomato_seeds":3,"minecraft:carrot":975,"minecraft:redstone":959,"create:brass_casing":1,"create:deployer":2,"regions_unexplored:dusktrap":2,"minecraft:arrow":12,"createindustry:deepslate_nickel_ore":1,"minecraft:beetroot_seeds":79,"minecraft:peony":1,"minecraft:hay_block":16,"create:depot":3,"minecraft:mutton":8,"minecraft:rail":3,"minecraft:white_wool":49,"minecraft:oxeye_daisy":2,"minecraft:stripped_oak_log":73,"garnished:ungarnished_hazelnut":1,"minecraft:basalt":9,"minecraft:leather":19,"regions_unexplored:blue_bioshroom_stem":25,"minecraft:oak_log":731,"minecraft:yellow_bed":2,"minecraft:gunpowder":7,"minecraft:cobblestone_stairs":2,"quark:limestone":3,"create_things_and_misc:experience_sheet":1,"minecraft:apple":15,"minecraft:iron_ingot":26,"minecraft:music_disc_far":1,"minecraft:oak_slab":16,"create:mechanical_bearing":7,"minecraft:pumpkin":14,"minecraft:dandelion":14,"minecraft:gravel":140,"minecraft:blast_furnace":1,"minecraft:white_bed":6,"minecraft:gold_ore":2,"quark:oak_chest":11,"minecraft:spider_eye":5,"create:gearbox":1,"minecraft:purple_bed":1,"minecraft:slime_ball":4,"minecraft:stone_axe":1,"minecraft:iron_helmet":1,"minecraft:deepslate_redstone_ore":2,"create:portable_storage_interface":12,"createcafe:cassava_root":241,"create_bic_bit:sunflower_seeds":64,"minecraft:coal":145,"minecraft:hopper":9,"minecraft:sunflower":60},"minecraft:custom":{"minecraft:animals_bred":71,"minecraft:interact_with_crafting_table":146,"minecraft:bell_ring":24,"minecraft:leave_game":6,"minecraft:time_since_death":478719,"minecraft:sprint_one_cm":1331824,"minecraft:drop":137,"minecraft:talked_to_villager":51,"minecraft:play_time":749676,"minecraft:deaths":1,"minecraft:jump":12053,"minecraft:interact_with_brewingstand":4,"minecraft:walk_on_water_one_cm":105094,"minecraft:enchant_item":3,"minecraft:interact_with_furnace":121,"minecraft:traded_with_villager":158,"minecraft:sleep_in_bed":5,"minecraft:damage_dealt":18846,"minecraft:crouch_one_cm":115283,"minecraft:interact_with_anvil":1,"minecraft:mob_kills":116,"minecraft:inspect_hopper":23,"minecraft:damage_dealt_resisted":51,"minecraft:climb_one_cm":1480,"minecraft:walk_one_cm":2453666,"minecraft:damage_dealt_absorbed":120,"minecraft:sneak_time":37123,"minecraft:walk_under_water_one_cm":26528,"minecraft:interact_with_blast_furnace":9,"minecraft:total_world_time":749676,"minecraft:interact_with_grindstone":1,"minecraft:interact_with_stonecutter":1,"minecraft:time_since_rest":468456,"minecraft:damage_taken":3803,"minecraft:swim_one_cm":16738,"minecraft:fly_one_cm":2529405,"minecraft:open_chest":453,"minecraft:fall_one_cm":318964},"minecraft:used":{"create:deployer":2,"minecraft:iron_shovel":256,"minecraft:diamond_hoe":683,"minecraft:oak_sign":8,"create:portable_storage_interface":41,"minecraft:chest":2,"minecraft:stone":7,"minecraft:iron_sword":275,"minecraft:zombie_spawn_egg":1,"create:mechanical_bearing":23,"create:cogwheel":3,"minecraft:carrot":516,"minecraft:tuff":1,"create:depot":2,"everycomp:q/garnished/nut_chest":2,"minecraft:lava_bucket":10,"minecraft:villager_spawn_egg":4,"minecraft:grass_block":3,"createindustry:deepslate_nickel_ore":1,"minecraft:deepslate_diamond_ore":5,"create:rotation_speed_controller":1,"create:shaft":201,"minecraft:oak_sapling":29,"minecraft:furnace":11,"minecraft:beetroot_seeds":32,"minecraft:egg":1,"minecraft:diorite":1,"minecraft:stone_pickaxe":132,"minecraft:oak_planks":3,"minecraft:wooden_pickaxe":11,"minecraft:composter":5,"minecraft:sugar_cane":41,"minecraft:diamond_axe":350,"createcafe:coffee_beans":59,"minecraft:bread":77,"minecraft:lectern":5,"create:andesite_casing":3,"minecraft:deepslate":7,"minecraft:gravel":42,"supplementaries:flax_seeds":12,"minecraft:grindstone":1,"minecraft:oak_boat":1,"minecraft:bone_meal":15,"minecraft:oak_trapdoor":6,"minecraft:enchanting_table":1,"minecraft:stone_sword":117,"minecraft:flint_and_steel":1,"minecraft:redstone":1,"minecraft:deepslate_gold_ore":1,"minecraft:stone_hoe":251,"minecraft:cooked_chicken":3,"minecraft:stick":1,"minecraft:torch":167,"minecraft:brewing_stand":1,"minecraft:dirt":984,"minecraft:anvil":1,"minecraft:hopper":34,"create_connected:six_way_gearbox":34,"minecraft:iron_hoe":317,"minecraft:bookshelf":15,"create:wrench":161,"create:gearbox":1,"minecraft:iron_axe":1014,"createcafe:cassava_seeds":65,"minecraft:gunpowder":1,"farmersdelight:tomato_seeds":17,"minecraft:cobbled_deepslate":140,"minecraft:light_gray_bed":1,"create:belt_connector":11,"minecraft:wheat_seeds":961,"farmersdelight:iron_knife":43,"minecraft:water_bucket":251,"minecraft:cobblestone_stairs":1,"minecraft:glass_bottle":3,"minecraft:fletching_table":6,"minecraft:cobblestone_slab":37,"minecraft:gold_ore":2,"farmersdelight:onion":30,"minecraft:oak_slab":37,"minecraft:crafting_table":24,"create:mechanical_harvester":68,"minecraft:white_bed":21,"minecraft:oak_log":182,"create:linear_chassis":137,"minecraft:diamond_pickaxe":3207,"minecraft:diamond_shovel":1430,"minecraft:iron_pickaxe":535,"minecraft:stone_axe":141,"minecraft:cobblestone":385,"minecraft:purple_bed":1,"minecraft:cooked_porkchop":14,"minecraft:bucket":267,"minecraft:yellow_bed":2,"quark:oak_chest":84,"alexsmobs:animal_dictionary":1},"minecraft:dropped":{"minecraft:iron_sword":1,"minecraft:oak_log":5,"minecraft:diamond":1,"create:incomplete_precision_mechanism":4,"creatingspace:raw_nickel":2,"minecraft:dirt":10,"create_bic_bit:sunflower_seeds":3,"minecraft:gold_nugget":1,"create:portable_storage_interface":2,"quark:oak_chest":1,"minecraft:bone":2,"minecraft:gravel":1,"minecraft:stone_axe":1,"create_new_age:thorium":96,"minecraft:sugar_cane":23,"minecraft:beetroot":1,"minecraft:oak_planks":6,"minecraft:music_disc_far":1,"minecraft:azure_bluet":2,"minecraft:carrot":316,"createcafe:cassava_seeds":5,"supplementaries:flax_seeds":3,"minecraft:gunpowder":1,"minecraft:arrow":8,"minecraft:egg":1,"minecraft:water_bucket":1,"minecraft:iron_ingot":1,"minecraft:bread":43,"minecraft:oak_slab":7,"minecraft:wheat_seeds":67,"minecraft:mossy_cobblestone":1,"createcafe:coffee_beans":5,"minecraft:iron_helmet":1,"minecraft:cobblestone":9,"minecraft:oxeye_daisy":1,"minecraft:diorite":22,"minecraft:torch":10,"minecraft:wooden_axe":1,"create_things_and_misc:experience_sheet":1,"regions_unexplored:dusktrap":1,"createindustry:raw_lead":5,"minecraft:iron_leggings":1,"minecraft:pumpkin":7,"minecraft:string":12,"minecraft:bucket":2,"minecraft:dandelion":4,"minecraft:furnace":1,"minecraft:anvil":1,"minecraft:stone_sword":1,"minecraft:raw_copper":56,"minecraft:tuff":2,"minecraft:raw_iron":6,"minecraft:iron_boots":2,"create_questing:blueprint":1,"createindustry:raw_nickel":10,"minecraft:stone":21,"minecraft:diamond_pickaxe":1,"minecraft:andesite":19,"minecraft:oak_sapling":565,"minecraft:spider_eye":4,"create_connected:six_way_gearbox":31,"minecraft:wooden_pickaxe":1},"minecraft:killed":{"alexsmobs:lobster":24,"minecraft:spider":4,"minecraft:skeleton":4,"minecraft:bee":5,"minecraft:chicken":4,"minecraft:pig":10,"alexsmobs:seal":3,"minecraft:iron_golem":4,"alexsmobs:stradpole":1,"minecraft:creeper":2,"minecraft:sheep":5,"minecraft:zombie":15,"minecraft:donkey":4,"minecraft:cow":1,"alexsmobs:seagull":2,"minecraft:slime":3,"minecraft:horse":20,"goblintraders:goblin_trader":2},"minecraft:mined":{"create:deepslate_zinc_ore":49,"minecraft:white_bed":6,"minecraft:oak_sapling":3,"minecraft:farmland":5,"quark:yellow_blossom_leaves":1,"create:andesite_casing":251,"minecraft:cobblestone_stairs":2,"minecraft:brewing_stand":1,"minecraft:obsidian":4,"minecraft:granite":17,"minecraft:grass_block":897,"creatingspace:deepslate_nickel_ore":3,"minecraft:hopper":5,"minecraft:composter":3,"create:belt":1,"minecraft:oxeye_daisy":2,"regions_unexplored:blue_bioshroom":1,"regions_unexplored:blue_bioshroom_block":1,"minecraft:magma_block":1,"createindustry:nickel_ore":7,"minecraft:iron_ore":74,"minecraft:cobbled_deepslate":18,"minecraft:fire":3,"minecraft:deepslate_lapis_ore":8,"minecraft:pumpkin":7,"minecraft:fletching_table":2,"minecraft:azure_bluet":2,"supplementaries:stick":1,"minecraft:water_cauldron":4,"minecraft:dirt_path":33,"quark:limestone":3,"minecraft:deepslate_redstone_ore":204,"create:cogwheel":2,"minecraft:brown_mushroom":2,"creatingspace:nickel_ore":12,"regions_unexplored:corpse_flower":1,"minecraft:powder_snow":1,"minecraft:blast_furnace":1,"minecraft:calcite":4,"create:brass_casing":1,"quark:blossom_log":11,"createcafe:cassava_crop":56,"minecraft:cobblestone":118,"minecraft:oak_planks":42,"minecraft:sugar_cane":99,"minecraft:wall_torch":2,"minecraft:amethyst_block":2,"create:portable_storage_interface":13,"minecraft:birch_log":132,"minecraft:wheat":375,"minecraft:grass":844,"minecraft:oak_log":723,"minecraft:beetroots":22,"delightful:mini_melon":2,"regions_unexplored:blue_bioshroom_stem":26,"createindustry:deepslate_lithium_ore":41,"minecraft:sand":16,"minecraft:dirt":650,"minecraft:smooth_basalt":1,"create:linear_chassis":41,"minecraft:oak_leaves":63,"minecraft:deepslate":1083,"create:zinc_ore":23,"minecraft:tuff":30,"farmersdelight:onions":7,"minecraft:deepslate_diamond_ore":19,"regions_unexplored:dusktrap":1,"create:large_cogwheel":3,"create_new_age:thorium_ore":34,"create:depot":2,"farmersdelight:tomatoes":3,"minecraft:cartography_table":1,"minecraft:hay_block":16,"farmersdelight:wild_onions":1,"create:shaft":40,"minecraft:furnace":9,"minecraft:carrots":205,"supplementaries:flax":6,"minecraft:andesite":25,"supplementaries:gunpowder":1,"createcafe:coffee_crop":43,"minecraft:peony":1,"createindustry:lead_ore":29,"minecraft:potatoes":2,"minecraft:deepslate_iron_ore":35,"minecraft:cobblestone_slab":3,"minecraft:rail":3,"create:deployer":2,"minecraft:stripped_oak_log":74,"createindustry:deepslate_nickel_ore":24,"regions_unexplored:medium_grass":3,"minecraft:stone":460,"regions_unexplored:deepslate_viridescent_nylium":6,"minecraft:oak_slab":14,"quark:oak_chest":9,"minecraft:basalt":10,"minecraft:dandelion":15,"supplementaries:ashen_basalt":1,"create_new_age:magnetite_block":2,"minecraft:crafting_table":16,"regions_unexplored:volcanic_ash":1,"minecraft:lectern":4,"minecraft:copper_ore":33,"minecraft:tall_grass":88,"minecraft:lapis_ore":2,"minecraft:deepslate_gold_ore":44,"minecraft:diorite":504,"supplementaries:urn":5,"minecraft:purple_bed":1,"createindustry:deepslate_lead_ore":9,"create:mechanical_harvester":4,"create:gearbox":2,"minecraft:white_carpet":1,"minecraft:birch_leaves":3,"minecraft:yellow_bed":2,"garnished:nut_log":10,"create:mechanical_bearing":7,"minecraft:coal_ore":120,"minecraft:sunflower":71,"minecraft:gravel":163,"minecraft:cobweb":8,"create_connected:six_way_gearbox":4,"create_bic_bit:sunflowerstem":3,"regions_unexplored:maple_shrub":1,"minecraft:gold_ore":14},"minecraft:crafted":{"minecraft:grindstone":1,"minecraft:oak_planks":2044,"minecraft:cobblestone_slab":36,"minecraft:oak_sign":9,"minecraft:cooked_chicken":3,"create:mechanical_harvester":64,"minecraft:stone":3,"minecraft:cobblestone_stairs":4,"minecraft:diamond_shovel":1,"create:mechanical_bearing":16,"minecraft:bookshelf":16,"create:rotation_speed_controller":1,"minecraft:glass":53,"minecraft:hopper":95,"minecraft:iron_boots":1,"garnished:nut_planks":20,"minecraft:chest":4,"extendedgears:shaftless_cogwheel":388,"minecraft:oak_button":452,"minecraft:stone_hoe":3,"create:cogwheel":452,"minecraft:glass_bottle":3,"farmersdelight:tomato_seeds":11,"create:depot":1,"minecraft:oak_slab":108,"sophisticatedbackpacks:backpack":1,"minecraft:emerald":143,"minecraft:cooked_porkchop":14,"minecraft:diamond_axe":1,"minecraft:crafting_table":9,"farmersdelight:iron_knife":2,"minecraft:iron_helmet":1,"minecraft:wooden_pickaxe":1,"minecraft:fletching_table":4,"minecraft:light_gray_bed":1,"create:gearbox":16,"minecraft:charcoal":24,"minecraft:lectern":1,"minecraft:iron_chestplate":1,"minecraft:book":4,"minecraft:paper":12,"minecraft:diamond_pickaxe":4,"minecraft:shield":1,"create:portable_storage_interface":32,"minecraft:stick":4590,"minecraft:stone_slab":30,"quark:oak_chest":194,"minecraft:iron_ingot":76,"minecraft:iron_pickaxe":3,"minecraft:stone_sword":1,"createindustry:lead_ingot":4,"minecraft:gold_ingot":84,"create:large_cogwheel":213,"minecraft:composter":4,"minecraft:shears":2,"create_connected:six_way_gearbox":58,"create:chute":32,"create:wrench":1,"minecraft:iron_nugget":297,"minecraft:diamond_hoe":1,"minecraft:furnace":2,"minecraft:bone_meal":15,"creatingspace:nickel_ingot":29,"minecraft:oak_trapdoor":6,"minecraft:flint_and_steel":1,"minecraft:iron_axe":4,"minecraft:iron_hoe":2,"minecraft:stone_pickaxe":1,"minecraft:redstone_block":81,"sophisticatedbackpacks:iron_backpack":1,"minecraft:wheat":144,"minecraft:sugar":1,"create:andesite_alloy":96,"minecraft:enchanting_table":1,"minecraft:dried_kelp":12,"everycomp:q/garnished/nut_chest":2,"minecraft:iron_sword":1,"sophisticatedbackpacks:gold_backpack":1,"minecraft:bucket":13,"minecraft:stone_axe":1,"minecraft:bread":116,"minecraft:air":0,"minecraft:oak_boat":1,"create:linear_chassis":192,"minecraft:fermented_spider_eye":1,"minecraft:wooden_axe":1,"minecraft:iron_shovel":1,"minecraft:iron_leggings":1,"minecraft:white_bed":15,"create:shaft":432,"minecraft:andesite":384,"minecraft:torch":180}},"DataVersion":3120}