{"stats":{"minecraft:killed_by":{"alexsmobs:straddler":3,"minecraft:zombie":1,"quark:forgotten":1,"minecraft:skeleton":1},"minecraft:broken":{"minecraft:diamond_pickaxe":1,"minecraft:iron_sword":1,"minecraft:iron_axe":2,"minecraft:iron_pickaxe":5,"minecraft:stone_axe":1,"minecraft:flint_and_steel":1,"create:sand_paper":2},"minecraft:picked_up":{"regions_unexplored:magnolia_log":33,"create:spout":3,"minecraft:diamond_sword":2,"minecraft:polished_blackstone_brick_stairs":2,"minecraft:string":11,"createindustry:raw_nickel":16,"create:limestone":1,"create:water_wheel":2,"create:cart_assembler":4,"minecraft:gold_nugget":4,"minecraft:cobbled_deepslate":453,"minecraft:coal_block":1,"create:andesite_casing":80,"minecraft:acacia_log":1,"createmetallurgy:wolframite_ore":4,"regions_unexplored:raw_redstone_block":2,"minecraft:cauldron":13,"minecraft:chiseled_nether_bricks":1,"createcafe:coffee_beans":25,"create:copper_casing":7,"farmersdelight:onion":1,"supplementaries:ash":443,"alexsmobs:flying_fish":4,"minecraft:magma_block":4,"minecraft:water_bucket":1,"minecraft:flint":737,"create:mechanical_plough":1,"create:encased_chain_drive":16,"createindustry:sulfur":20,"regions_unexplored:magnolia_planks":1,"create:mechanical_drill":7,"create:goggles":1,"create:shaft":176,"minecraft:glowstone_dust":36,"miners_delight:gossypium":1,"crabbersdelight:crab":1,"create:empty_blaze_burner":6,"createindustry:raw_lithium":26,"creatingspace:brass_engine_wall":4,"supplementaries:blackstone_tile":13,"alexsmobs:animal_dictionary":2,"regions_unexplored:hyssop":4,"minecraft:deepslate":2,"minecraft:lever":7,"minecraft:granite":28,"alexsmobs:maggot":2,"create:precision_mechanism":1,"create:copper_sheet":4,"minecraft:crafting_table":8,"minecraft:clay_ball":15,"create:fluid_pipe":67,"minecraft:iron_shovel":1,"create:brass_funnel":2,"minecraft:beef":15,"supplementaries:blackstone_tile_stairs":1,"minecraft:iron_nugget":536,"minecraft:poppy":2,"minecraft:minecart":7,"minecraft:chest":5,"minecraft:egg":15,"create:polished_rose_quartz":1,"minecraft:sandstone":6,"minecraft:stone":138,"extradelight:ginger":3,"minecraft:carrot":63,"minecraft:redstone":299,"create:brass_casing":32,"create:steam_engine":2,"create:vertical_gearbox":41,"minecraft:hay_block":10,"create:depot":9,"minecraft:gold_ingot":33,"minecraft:polished_blackstone":4,"minecraft:mutton":10,"minecraft:white_wool":28,"minecraft:rail":91,"minecraft:stripped_oak_log":29,"create:iron_sheet":44,"create:brass_sheet":5,"create:crushed_raw_gold":1,"minecraft:red_mushroom":1,"create:framed_glass_trapdoor":3,"minecraft:oak_log":806,"create:minecart_contraption":2,"regions_unexplored:stripped_magnolia_log":1,"create:crushing_wheel":4,"minecraft:apple":89,"minecraft:kelp":207,"create:analog_lever":1,"minecraft:stone_pickaxe":3,"minecraft:gravel":412,"create:gearbox":47,"create:millstone":3,"minecraft:coal_ore":3,"regions_unexplored:fireweed":2,"minecraft:stone_axe":1,"create:smart_chute":1,"create:rose_quartz":8,"minecraft:gray_wool":6,"create:portable_storage_interface":10,"create_bic_bit:sunflower_seeds":3,"minecraft:wheat":3,"minecraft:nether_brick_fence":1,"create:mechanical_crafter":7,"regions_unexplored:maple_planks":9,"minecraft:gilded_blackstone":4,"minecraft:raw_copper":1068,"create:andesite_funnel":11,"farmersdelight:fried_rice":1,"create:mechanical_press":9,"minecraft:smooth_stone":7,"minecraft:bucket":18,"delightful:acorn":221,"createindustry:raw_lead":19,"minecraft:iron_pickaxe":1,"minecraft:iron_boots":1,"minecraft:furnace":8,"minecraft:stick":949,"create:mechanical_mixer":4,"miners_delight:tentacles":5,"minecraft:torch":55,"minecraft:porkchop":13,"createcafe:cassava_seeds":19,"minecraft:pointed_dripstone":26,"minecraft:diorite":41,"create:framed_glass":5,"regions_unexplored:daisy":1,"create:large_cogwheel":46,"minecraft:cactus":23,"minecraft:rotten_flesh":38,"regions_unexplored:mauve_log":1,"supplementaries:antique_ink":2,"create:veridium":2,"minecraft:obsidian":34,"regions_unexplored:magnolia_sapling":1,"minecraft:cobblestone":3659,"minecraft:magma_cream":1,"create:fluid_tank":20,"minecraft:andesite":58,"create:belt_connector":23,"minecraft:tuff":121,"create:raw_zinc":167,"minecraft:dirt":782,"create:incomplete_precision_mechanism":1,"minecraft:lapis_lazuli":45,"culturaldelights:glow_squid":4,"minecraft:glass":2,"minecraft:bone":37,"minecraft:bow":1,"minecraft:wheat_seeds":58,"minecraft:raw_gold":15,"minecraft:oak_planks":38,"create_questing:blueprint":2,"minecraft:cooked_porkchop":3,"create:cogwheel":58,"create_connected:encased_chain_cogwheel":9,"minecraft:sand":120,"minecraft:mossy_cobblestone":12,"decorative_blocks:oak_palisade":6,"goodending:hanging_oak_leaves":1,"minecraft:diamond":15,"create_connected:six_way_gearbox":35,"minecraft:oak_sapling":297,"minecraft:netherrack":194,"create:white_sail":2,"minecraft:oak_leaves":107,"creatingspace:raw_nickel":84,"create_new_age:thorium":278,"garnished:nut_sign":2,"creatingspace:iron_engine_wall":2,"create:rotation_speed_controller":17,"minecraft:chain":19,"minecraft:blackstone":33,"create:basin":6,"minecraft:sugar_cane":36,"create:linear_chassis":9,"minecraft:raw_iron":277,"regions_unexplored:ash_vent":1,"minecraft:copper_ingot":5,"minecraft:bowl":2,"minecraft:polished_blackstone_bricks":7,"create:hand_crank":3,"create:zinc_ingot":28,"create:deployer":11,"minecraft:arrow":13,"minecraft:nether_bricks":1,"minecraft:basalt":134,"minecraft:leather":11,"create:andesite_alloy":82,"minecraft:yellow_bed":1,"create:blaze_burner":2,"create:item_vault":20,"quark:forgotten_hat":1,"garnished:ritualistic_stone":1,"minecraft:iron_ingot":47,"creatingspace:copper_engine_wall":2,"create_dd:inverse_box":8,"minecraft:oak_slab":124,"create:large_water_wheel":11,"minecraft:dandelion":6,"minecraft:quartz":165,"minecraft:lava_bucket":13,"create:brass_tunnel":8,"quark:oak_chest":10,"minecraft:spider_eye":1,"create:wheat_flour":82,"create:brass_ingot":62,"create:encased_fan":12,"minecraft:iron_helmet":1,"regions_unexplored:maple_log":5,"garnished:nut_planks":3,"createcafe:cassava_root":4,"minecraft:acacia_slab":2,"minecraft:coal":574,"minecraft:sunflower":14},"minecraft:custom":{"minecraft:interact_with_crafting_table":404,"goblintraders:trade_with_goblin":51,"minecraft:leave_game":13,"minecraft:time_since_death":539848,"minecraft:play_time":1730558,"minecraft:deaths":11,"minecraft:jump":13984,"minecraft:enchant_item":1,"minecraft:interact_with_furnace":279,"minecraft:interact_with_cartography_table":2,"minecraft:sleep_in_bed":5,"minecraft:damage_dealt":16419,"minecraft:use_cauldron":37,"minecraft:inspect_hopper":6,"minecraft:damage_dealt_absorbed":50,"minecraft:sneak_time":66533,"minecraft:interact_with_blast_furnace":38,"minecraft:total_world_time":1730558,"minecraft:interact_with_stonecutter":7,"minecraft:time_since_rest":539875,"minecraft:swim_one_cm":63731,"minecraft:fly_one_cm":1863094,"minecraft:open_chest":903,"minecraft:fall_one_cm":301411,"minecraft:sprint_one_cm":1732221,"minecraft:drop":1606,"minecraft:talked_to_villager":2,"minecraft:interact_with_brewingstand":2,"minecraft:walk_on_water_one_cm":96792,"minecraft:crouch_one_cm":231537,"minecraft:mob_kills":120,"minecraft:fill_cauldron":23,"minecraft:interact_with_campfire":1,"minecraft:climb_one_cm":1032,"minecraft:walk_one_cm":5337584,"minecraft:walk_under_water_one_cm":86194,"minecraft:interact_with_grindstone":1,"minecraft:damage_taken":11122,"minecraft:minecart_one_cm":2178},"minecraft:used":{"create:deployer":82,"create:brass_casing":26,"create_connected:encased_chain_cogwheel":18,"minecraft:chest":7,"minecraft:stone":22,"create:fluid_tank":49,"create:white_sail":68,"create:mechanical_crafter":10,"create:depot":18,"minecraft:lava_bucket":104,"farmersdelight:fried_rice":10,"create:andesite_funnel":34,"create:rotation_speed_controller":29,"supplementaries:ash":1,"create:shaft":576,"minecraft:furnace":5,"create:steam_engine":2,"minecraft:oak_sapling":67,"minecraft:egg":6,"minecraft:diorite":2,"minecraft:blackstone":8,"minecraft:wooden_pickaxe":24,"minecraft:oak_leaves":18,"extradelight:ginger":2,"create:spout":7,"create_dd:inverse_box":21,"regions_unexplored:raw_redstone_block":2,"minecraft:blast_furnace":2,"create_bic_bit:sunflower_seeds":1,"minecraft:diamond_sword":235,"create:basin":8,"delightful:acorn":8,"minecraft:stone_sword":1,"minecraft:acacia_log":34,"garnished:nut_sign":4,"minecraft:netherrack":52,"minecraft:stick":3,"minecraft:torch":391,"create_connected:six_way_gearbox":18,"create:wrench":1798,"create:gearbox":110,"minecraft:iron_axe":629,"create:encased_chain_drive":67,"minecraft:basalt":68,"create:fluid_pipe":177,"minecraft:acacia_planks":2,"minecraft:cobbled_deepslate":200,"create:belt_connector":179,"minecraft:pointed_dripstone":32,"minecraft:wheat_seeds":15,"minecraft:water_bucket":75,"minecraft:cartography_table":1,"create:brass_tunnel":9,"minecraft:cauldron":16,"create:framed_glass_trapdoor":25,"create:blaze_burner":22,"minecraft:polished_blackstone_bricks":2,"minecraft:rail":182,"create:encased_fan":20,"minecraft:crafting_table":18,"minecraft:oak_log":134,"minecraft:diamond_pickaxe":2594,"minecraft:diamond_shovel":699,"minecraft:iron_pickaxe":1520,"create:mechanical_arm":48,"minecraft:cobblestone":1284,"minecraft:cooked_porkchop":24,"quark:oak_chest":33,"minecraft:stripped_oak_log":88,"create:portable_storage_interface":19,"minecraft:iron_sword":285,"create:analog_lever":1,"create:mechanical_bearing":4,"create:minecart_contraption":42,"create:cogwheel":139,"minecraft:carrot":15,"minecraft:tuff":71,"minecraft:obsidian":31,"minecraft:iron_helmet":1,"create:millstone":3,"minecraft:magma_block":1,"create:mechanical_drill":141,"create:crushing_wheel":7,"minecraft:stone_pickaxe":213,"minecraft:oak_planks":39,"create:mechanical_saw":15,"minecraft:shears":126,"createcafe:coffee_beans":3,"minecraft:lever":18,"minecraft:bread":82,"create:andesite_casing":38,"minecraft:gravel":1,"create:stressometer":2,"minecraft:andesite":28,"create:vertical_gearbox":58,"minecraft:bone_meal":6,"create:large_cogwheel":89,"minecraft:flint_and_steel":64,"create:item_vault":54,"minecraft:dried_kelp":17,"create:mechanical_pump":23,"minecraft:dirt":156,"create:mechanical_mixer":6,"create:mechanical_plough":2,"minecraft:granite":5,"create:smart_chute":3,"alexsmobs:maggot":2,"minecraft:acacia_slab":3,"create:cart_assembler":27,"minecraft:golden_carrot":21,"minecraft:minecart":9,"minecraft:cooked_beef":8,"create:empty_blaze_burner":3,"minecraft:baked_potato":5,"minecraft:stonecutter":1,"create:brass_funnel":14,"create:linear_chassis":171,"minecraft:apple":3,"create:mechanical_press":13,"create:windmill_bearing":3,"create:large_water_wheel":31,"minecraft:stone_axe":152,"minecraft:bucket":181,"minecraft:yellow_bed":1,"alexsmobs:animal_dictionary":3,"create:hand_crank":10},"minecraft:dropped":{"create:analog_lever":1,"minecraft:cooked_beef":3,"supplementaries:blackstone_tile_stairs":1,"minecraft:crafting_table":1,"create:incomplete_precision_mechanism":32,"minecraft:rail":1,"regions_unexplored:maple_planks":6,"regions_unexplored:magnolia_sapling":1,"minecraft:dirt":319,"miners_delight:gossypium":1,"alexsmobs:flying_fish":4,"create_bic_bit:sunflower_seeds":2,"create_dd:inverse_box":2,"minecraft:chain":19,"minecraft:wooden_sword":1,"minecraft:sunflower":14,"minecraft:iron_pickaxe":2,"quark:oak_chest":2,"minecraft:bone":12,"minecraft:stone_axe":1,"create_new_age:thorium":4,"minecraft:iron_nugget":2076,"alexsmobs:animal_dictionary":3,"minecraft:cobbled_deepslate":61,"minecraft:wheat":98,"minecraft:obsidian":3,"minecraft:rotten_flesh":36,"minecraft:oak_planks":15,"creatingspace:copper_engine_wall":3,"minecraft:nether_brick_fence":1,"create:white_sail":1,"createcafe:cassava_seeds":19,"miners_delight:tentacles":5,"minecraft:coal_ore":3,"minecraft:hopper":4,"create:mechanical_crafter":20,"minecraft:glass":7,"minecraft:egg":9,"farmersdelight:tomato_seeds":3,"minecraft:iron_ingot":40,"create:rose_quartz":48,"regions_unexplored:fireweed":2,"minecraft:chiseled_nether_bricks":1,"minecraft:wheat_seeds":114,"create:polished_rose_quartz":25,"minecraft:polished_blackstone":4,"minecraft:iron_helmet":2,"minecraft:cobblestone":702,"minecraft:apple":261,"minecraft:granite":19,"supplementaries:blackstone_tile":13,"minecraft:coal_block":1,"regions_unexplored:daisy":1,"minecraft:lava_bucket":12,"minecraft:gray_wool":2,"minecraft:wooden_axe":1,"delightful:acorn":469,"minecraft:dried_kelp":1,"minecraft:smooth_stone":1,"minecraft:iron_shovel":1,"minecraft:paper":28,"minecraft:string":8,"minecraft:acacia_planks":1,"create:raw_zinc":31,"garnished:nut_planks":3,"minecraft:stone_sword":1,"minecraft:bowl":9,"minecraft:deepslate":2,"minecraft:clay_ball":25,"decorative_blocks:oak_palisade":6,"minecraft:iron_boots":3,"regions_unexplored:hyssop":4,"create:mechanical_pump":1,"create_sa:small_filling_tank":1,"create:copper_sheet":1,"create_questing:blueprint":3,"minecraft:shears":1,"createindustry:raw_nickel":1,"minecraft:diamond_sword":1,"create:item_vault":32,"minecraft:stone":119,"create:zinc_ingot":216,"minecraft:spider_eye":1,"minecraft:bow":1,"goodending:hanging_oak_leaves":1,"create:brass_casing":15,"minecraft:magma_block":3,"create:steam_engine":2,"create:super_glue":2,"minecraft:oak_log":35,"createcafe:cassava_root":4,"minecraft:flint":771,"minecraft:polished_blackstone_brick_stairs":2,"farmersdelight:onion":1,"minecraft:gilded_blackstone":4,"create:iron_sheet":10,"minecraft:polished_blackstone_bricks":5,"create:portable_storage_interface":2,"minecraft:gold_ingot":44,"minecraft:cauldron":14,"create:crushing_wheel":2,"minecraft:gravel":1650,"regions_unexplored:raw_redstone_block":64,"minecraft:blackstone":25,"regions_unexplored:stripped_magnolia_log":1,"minecraft:pointed_dripstone":24,"minecraft:diamond_shovel":1,"minecraft:carrot":9,"minecraft:poppy":2,"supplementaries:ash":501,"create:framed_glass_trapdoor":6,"creatingspace:iron_engine_wall":1,"minecraft:chest":2,"create:brass_ingot":35,"create:depot":1,"culturaldelights:glow_squid":4,"minecraft:basalt":66,"immersive_aircraft:sail":1,"minecraft:arrow":10,"crabbersdelight:crab":1,"create:water_wheel":9,"minecraft:quartz":165,"minecraft:oak_leaves":89,"minecraft:netherrack":142,"minecraft:water_bucket":1,"regions_unexplored:magnolia_planks":1,"minecraft:oak_slab":243,"minecraft:mossy_cobblestone":12,"createcafe:coffee_beans":20,"minecraft:copper_ingot":300,"minecraft:stick":1380,"create:crushed_raw_gold":1,"farmersdelight:fried_rice":1,"minecraft:diorite":19,"create:blaze_burner":5,"minecraft:map":3,"minecraft:iron_leggings":2,"minecraft:bucket":104,"minecraft:dandelion":6,"minecraft:polished_deepslate":2,"minecraft:kelp":114,"minecraft:raw_copper":2,"minecraft:tuff":36,"regions_unexplored:ash_vent":1,"minecraft:iron_chestplate":2,"minecraft:andesite":44,"minecraft:oak_sapling":919,"create_connected:six_way_gearbox":2,"minecraft:wooden_pickaxe":1,"minecraft:stone_pickaxe":6,"minecraft:raw_gold":5,"create:framed_glass":10,"minecraft:magma_cream":1,"creatingspace:brass_engine_wall":5,"create:empty_blaze_burner":2,"quark:andesite_bricks":1,"create:golden_sheet":6},"minecraft:killed":{"minecraft:skeleton":8,"alexsmobs:straddler":2,"crabbersdelight:crab":1,"minecraft:magma_cube":13,"alexsmobs:seal":1,"minecraft:zombie":32,"minecraft:glow_squid":1,"minecraft:cow":6,"minecraft:spider":7,"quark:forgotten":1,"minecraft:bee":2,"minecraft:piglin":3,"minecraft:pig":7,"minecraft:zombie_villager":1,"alexsmobs:stradpole":2,"minecraft:sheep":5,"minecraft:ghast":1,"alexsmobs:fly":3,"minecraft:blaze":1,"alexsmobs:soul_vulture":3,"alexsmobs:skunk":1,"quark:foxhound":3,"minecraft:wither_skeleton":9},"minecraft:mined":{"create:copper_casing":7,"regions_unexplored:brimsprout":2,"create:andesite_casing":58,"regions_unexplored:magnolia_log":33,"minecraft:obsidian":37,"minecraft:granite":33,"minecraft:chiseled_polished_blackstone":3,"minecraft:acacia_log":1,"minecraft:deepslate_tile_stairs":1,"create:belt":22,"create:rotation_speed_controller":17,"createmetallurgy:wolframite_ore":4,"minecraft:spawner":4,"minecraft:polished_blackstone_bricks":7,"minecraft:tall_seagrass":7,"minecraft:magma_block":4,"regions_unexplored:stone_bud":14,"minecraft:cobbled_deepslate":63,"minecraft:fire":17,"createindustry:nickel_ore":4,"minecraft:deepslate_lapis_ore":5,"goodending:hanging_oak_leaves_plant":1,"create:mechanical_plough":1,"minecraft:dirt_path":1,"createindustry:sulfur":20,"create:mechanical_press":10,"create:limestone":1,"create:cogwheel":55,"creatingspace:nickel_ore":41,"minecraft:kelp_plant":31,"minecraft:soul_fire":1,"minecraft:torch":18,"minecraft:sugar_cane":18,"create:basin":6,"create:andesite_belt_funnel":3,"regions_unexplored:hyssop":6,"create:portable_storage_interface":3,"minecraft:wheat":1,"create:mechanical_mixer":4,"create:brass_belt_funnel":1,"minecraft:grass":75,"supplementaries:blackstone_tile":14,"createindustry:deepslate_lithium_ore":13,"create:hand_crank":1,"create:linear_chassis":9,"minecraft:deepslate":403,"regions_unexplored:fireweed":2,"create:zinc_ore":26,"quark:andesite_bricks":1,"create:millstone":3,"create:fluid_tank":10,"minecraft:nether_bricks":1,"create_new_age:thorium_ore":57,"create:encased_fan":2,"minecraft:red_mushroom":1,"minecraft:kelp":1,"minecraft:redstone_ore":2,"create:shaft":178,"minecraft:andesite":53,"create:cart_assembler":4,"minecraft:rail":64,"create:deployer":5,"goodending:hanging_oak_leaves":2,"createindustry:deepslate_nickel_ore":5,"regions_unexplored:ash_vent":1,"garnished:nut_sign":1,"minecraft:chiseled_nether_bricks":2,"quark:oak_chest":9,"minecraft:dandelion":1,"create:fluid_pipe":13,"create:mechanical_pump":1,"minecraft:tall_grass":5,"minecraft:copper_ore":165,"regions_unexplored:mauve_log":1,"minecraft:deepslate_gold_ore":11,"minecraft:diorite":41,"create:water_wheel_structure":5,"create:blaze_burner":2,"minecraft:coarse_dirt":2,"create:gearbox":81,"create:mechanical_drill":6,"create:crushing_wheel":2,"regions_unexplored:stripped_magnolia_log":1,"minecraft:sunflower":3,"minecraft:gravel":8,"minecraft:polished_blackstone":4,"create:andesite_funnel":9,"miners_delight:wild_cave_carrots":1,"create:deepslate_zinc_ore":49,"minecraft:oak_sapling":62,"minecraft:farmland":2,"regions_unexplored:maple_log":5,"minecraft:grass_block":348,"creatingspace:deepslate_nickel_ore":17,"minecraft:gilded_blackstone":5,"minecraft:smooth_stone":8,"minecraft:glowstone":10,"supplementaries:ash":84,"minecraft:iron_ore":105,"regions_unexplored:mossy_stone":12,"minecraft:pointed_dripstone":12,"supplementaries:stick":3,"minecraft:deepslate_redstone_ore":63,"minecraft:blackstone":34,"create:steam_engine":2,"garnished:ritualistic_stone":1,"minecraft:chest":5,"create:brass_casing":31,"garnished:nut_wall_sign":1,"minecraft:nether_quartz_ore":94,"minecraft:cobblestone":345,"supplementaries:blackstone_tile_stairs":1,"minecraft:oak_planks":11,"minecraft:wall_torch":32,"minecraft:cauldron":16,"minecraft:deepslate_copper_ore":28,"create:large_water_wheel":6,"minecraft:seagrass":6,"extradelight:wild_ginger":3,"minecraft:lava_cauldron":2,"create:spout":2,"minecraft:oak_log":332,"minecraft:sand":126,"minecraft:dirt":285,"create:encased_chain_drive":11,"minecraft:netherrack":236,"minecraft:oak_leaves":288,"create_connected:encased_chain_cogwheel":9,"minecraft:tuff":127,"minecraft:deepslate_diamond_ore":14,"minecraft:lever":5,"create:large_cogwheel":32,"create:depot":10,"minecraft:acacia_slab":2,"regions_unexplored:raw_redstone_block":2,"minecraft:sandstone":6,"minecraft:large_fern":3,"minecraft:hay_block":10,"minecraft:furnace":6,"create:white_sail":2,"minecraft:nether_brick_fence":2,"createindustry:lead_ore":10,"minecraft:deepslate_iron_ore":23,"minecraft:stripped_oak_log":29,"regions_unexplored:medium_grass":15,"minecraft:stone":811,"regions_unexplored:brimsprout_nylium":1,"create:analog_lever":1,"garnished:nut_planks":3,"minecraft:basalt":155,"supplementaries:ashen_basalt":1,"minecraft:crafting_table":8,"regions_unexplored:daisy":1,"minecraft:polished_blackstone_brick_stairs":2,"supplementaries:urn":5,"minecraft:cactus":14,"minecraft:polished_blackstone_stairs":2,"minecraft:yellow_bed":1,"minecraft:coal_ore":262,"create:smart_chute":1,"create:mechanical_crafter":7,"create_connected:six_way_gearbox":5,"create_dd:inverse_box":10},"minecraft:crafted":{"regions_unexplored:raw_redstone_block":64,"regions_unexplored:maple_planks":20,"minecraft:lever":2,"minecraft:diamond_shovel":2,"create:item_vault":36,"create:vertical_gearbox":5,"minecraft:glass":32,"create:rotation_speed_controller":5,"create:andesite_funnel":16,"minecraft:diamond_helmet":1,"minecraft:diamond_leggings":1,"sophisticatedbackpacks:tank_upgrade":1,"createindustry:nickel_ingot":4,"create:mechanical_press":1,"minecraft:dried_kelp_block":7,"create:brass_funnel":2,"create:cogwheel":292,"create_connected:encased_chain_cogwheel":10,"create:mechanical_plough":2,"create:rose_quartz":40,"minecraft:emerald":24,"minecraft:cooked_porkchop":15,"minecraft:acacia_slab":66,"minecraft:copper_ingot":568,"minecraft:sticky_piston":1,"create:encased_chain_drive":44,"create:mechanical_mixer":2,"create:gearbox":36,"quark:oak_chest":45,"minecraft:compass":1,"minecraft:iron_pickaxe":6,"minecraft:iron_block":1,"minecraft:gold_ingot":125,"create:large_cogwheel":60,"minecraft:golden_carrot":21,"everycomp:q/regions_unexplored/magnolia_chest":9,"create:wrench":1,"minecraft:iron_nugget":2513,"create:white_sail":50,"create:smart_chute":2,"minecraft:bone_meal":30,"creatingspace:nickel_ingot":33,"sophisticatedbackpacks:advanced_pump_upgrade":1,"minecraft:stone_pickaxe":3,"minecraft:diamond_boots":1,"create:electron_tube":25,"create:belt_connector":24,"create:windmill_bearing":1,"regions_unexplored:magnolia_planks":100,"minecraft:wheat":90,"minecraft:dried_kelp":324,"create:dough":10,"create_sa:small_filling_tank":1,"sophisticatedbackpacks:gold_backpack":1,"create:speedometer":1,"create:mechanical_arm":1,"minecraft:wooden_axe":1,"minecraft:iron_leggings":2,"create:shaft":760,"minecraft:oak_planks":1588,"minecraft:barrel":144,"minecraft:stone":1,"create:mechanical_bearing":2,"create:deployer":19,"minecraft:green_dye":23,"minecraft:hopper":4,"minecraft:bow":1,"minecraft:iron_boots":2,"create:cart_assembler":1,"garnished:nut_planks":20,"minecraft:chest":5,"create:spout":1,"minecraft:copper_block":1,"minecraft:rail":112,"create:brass_hand":19,"minecraft:oak_slab":352,"create:depot":4,"sophisticatedbackpacks:backpack":1,"quark:blossom_planks":44,"minecraft:cauldron":17,"minecraft:crafting_table":11,"create:mechanical_saw":5,"create:piston_extension_pole":8,"create:fluid_pipe":52,"minecraft:wooden_pickaxe":1,"minecraft:baked_potato":5,"minecraft:iron_helmet":2,"create:sand_paper":8,"sophisticatedbackpacks:upgrade_base":2,"create:stressometer":1,"minecraft:dispenser":1,"minecraft:iron_chestplate":2,"minecraft:paper":36,"create_dd:inverse_box":9,"minecraft:diamond_pickaxe":1,"create:water_wheel":16,"create:framed_glass_trapdoor":27,"create:portable_storage_interface":4,"create:super_glue":4,"minecraft:stick":268,"create:mechanical_pump":16,"minecraft:iron_ingot":293,"minecraft:stone_sword":1,"garnished:nut_sign":3,"minecraft:shears":2,"create:chute":8,"minecraft:wooden_sword":1,"minecraft:redstone":9,"create:steam_engine":1,"immersive_aircraft:sail":1,"minecraft:furnace":1,"minecraft:blast_furnace":2,"minecraft:piston":2,"minecraft:oak_trapdoor":34,"minecraft:flint_and_steel":1,"minecraft:polished_deepslate":4,"minecraft:iron_axe":3,"minecraft:slime_ball":10,"create:millstone":1,"minecraft:lime_dye":18,"create:fluid_tank":87,"create:basin":1,"create:analog_lever":1,"minecraft:minecart":2,"sophisticatedbackpacks:iron_backpack":1,"minecraft:cooked_beef":11,"create:andesite_alloy":166,"create:hand_crank":1,"minecraft:diamond_sword":1,"quark:vertical_oak_planks":3,"minecraft:iron_sword":1,"create:large_water_wheel":15,"minecraft:bucket":89,"minecraft:stone_axe":1,"minecraft:bread":69,"minecraft:air":0,"sophisticatedbackpacks:pump_upgrade":1,"create:whisk":2,"minecraft:gold_nugget":1080,"minecraft:white_dye":24,"create:linear_chassis":174,"minecraft:stonecutter":1,"create:mechanical_drill":75,"minecraft:andesite":128,"minecraft:acacia_planks":380,"minecraft:torch":396,"create:zinc_ingot":113,"minecraft:diamond_chestplate":1}},"DataVersion":3120}