{"stats":{"minecraft:killed_by":{"alexsmobs:straddler":3,"minecraft:zombie":1,"quark:forgotten":1,"minecraft:skeleton":1},"minecraft:broken":{"minecraft:diamond_pickaxe":1,"minecraft:iron_sword":1,"minecraft:iron_axe":2,"minecraft:iron_pickaxe":5,"minecraft:stone_axe":1,"minecraft:flint_and_steel":1,"create:sand_paper":1},"minecraft:picked_up":{"regions_unexplored:magnolia_log":33,"create:spout":3,"minecraft:diamond_sword":2,"minecraft:polished_blackstone_brick_stairs":2,"minecraft:string":11,"createindustry:raw_nickel":16,"create:limestone":1,"create:cart_assembler":3,"minecraft:gold_nugget":4,"minecraft:cobbled_deepslate":423,"minecraft:coal_block":1,"create:andesite_casing":79,"minecraft:acacia_log":1,"createmetallurgy:wolframite_ore":4,"minecraft:cauldron":13,"minecraft:chiseled_nether_bricks":1,"createcafe:coffee_beans":16,"create:copper_casing":7,"farmersdelight:onion":1,"supplementaries:ash":442,"alexsmobs:flying_fish":4,"minecraft:magma_block":4,"minecraft:water_bucket":1,"minecraft:flint":736,"create:mechanical_plough":1,"create:encased_chain_drive":16,"createindustry:sulfur":20,"regions_unexplored:magnolia_planks":1,"create:mechanical_drill":7,"create:goggles":1,"create:shaft":155,"minecraft:glowstone_dust":36,"miners_delight:gossypium":1,"crabbersdelight:crab":1,"create:empty_blaze_burner":6,"createindustry:raw_lithium":26,"creatingspace:brass_engine_wall":4,"supplementaries:blackstone_tile":13,"alexsmobs:animal_dictionary":2,"regions_unexplored:hyssop":4,"minecraft:lever":4,"minecraft:granite":28,"alexsmobs:maggot":2,"create:precision_mechanism":1,"create:copper_sheet":4,"minecraft:crafting_table":7,"minecraft:clay_ball":5,"create:fluid_pipe":67,"minecraft:iron_shovel":1,"create:brass_funnel":2,"minecraft:beef":15,"supplementaries:blackstone_tile_stairs":1,"minecraft:iron_nugget":536,"minecraft:minecart":5,"minecraft:chest":5,"minecraft:egg":15,"create:polished_rose_quartz":1,"minecraft:sandstone":6,"minecraft:stone":108,"extradelight:ginger":3,"minecraft:carrot":63,"minecraft:redstone":241,"create:brass_casing":32,"create:vertical_gearbox":37,"minecraft:hay_block":10,"create:depot":9,"minecraft:gold_ingot":33,"minecraft:polished_blackstone":4,"minecraft:mutton":10,"minecraft:white_wool":28,"minecraft:rail":47,"minecraft:stripped_oak_log":29,"create:iron_sheet":44,"create:brass_sheet":5,"create:crushed_raw_gold":1,"minecraft:red_mushroom":1,"minecraft:oak_log":344,"regions_unexplored:stripped_magnolia_log":1,"create:crushing_wheel":4,"minecraft:apple":17,"minecraft:kelp":207,"create:analog_lever":1,"minecraft:stone_pickaxe":3,"minecraft:gravel":406,"create:gearbox":47,"create:millstone":3,"regions_unexplored:fireweed":2,"minecraft:stone_axe":1,"create:rose_quartz":8,"minecraft:gray_wool":6,"create_bic_bit:sunflower_seeds":3,"minecraft:wheat":1,"minecraft:nether_brick_fence":1,"create:mechanical_crafter":7,"regions_unexplored:maple_planks":9,"minecraft:gilded_blackstone":4,"minecraft:raw_copper":987,"create:andesite_funnel":11,"farmersdelight:fried_rice":1,"create:mechanical_press":9,"minecraft:smooth_stone":7,"minecraft:bucket":18,"delightful:acorn":24,"minecraft:iron_boots":1,"minecraft:furnace":8,"minecraft:stick":66,"create:mechanical_mixer":4,"miners_delight:tentacles":5,"minecraft:torch":43,"minecraft:porkchop":13,"createcafe:cassava_seeds":12,"minecraft:pointed_dripstone":26,"minecraft:diorite":22,"regions_unexplored:daisy":1,"create:large_cogwheel":46,"minecraft:cactus":23,"minecraft:rotten_flesh":36,"supplementaries:antique_ink":2,"create:veridium":2,"minecraft:obsidian":34,"regions_unexplored:magnolia_sapling":1,"minecraft:cobblestone":3171,"minecraft:magma_cream":1,"create:fluid_tank":20,"minecraft:andesite":38,"create:belt_connector":23,"minecraft:tuff":121,"create:raw_zinc":54,"minecraft:dirt":381,"create:incomplete_precision_mechanism":1,"minecraft:lapis_lazuli":45,"culturaldelights:glow_squid":4,"minecraft:glass":2,"minecraft:bone":37,"minecraft:bow":1,"minecraft:wheat_seeds":30,"minecraft:raw_gold":11,"minecraft:oak_planks":22,"create_questing:blueprint":2,"minecraft:cooked_porkchop":3,"create:cogwheel":56,"create_connected:encased_chain_cogwheel":9,"minecraft:sand":120,"minecraft:mossy_cobblestone":12,"decorative_blocks:oak_palisade":6,"goodending:hanging_oak_leaves":1,"minecraft:diamond":15,"minecraft:oak_sapling":142,"minecraft:netherrack":194,"create:white_sail":2,"minecraft:oak_leaves":107,"creatingspace:raw_nickel":48,"create_new_age:thorium":159,"garnished:nut_sign":2,"creatingspace:iron_engine_wall":2,"create:rotation_speed_controller":17,"minecraft:chain":19,"minecraft:blackstone":33,"create:basin":6,"minecraft:sugar_cane":36,"create:linear_chassis":7,"minecraft:raw_iron":229,"regions_unexplored:ash_vent":1,"minecraft:copper_ingot":5,"minecraft:bowl":2,"minecraft:polished_blackstone_bricks":7,"create:hand_crank":3,"create:zinc_ingot":28,"create:deployer":11,"minecraft:arrow":13,"minecraft:nether_bricks":1,"minecraft:basalt":134,"minecraft:leather":11,"create:andesite_alloy":81,"minecraft:yellow_bed":1,"create:blaze_burner":2,"create:item_vault":20,"quark:forgotten_hat":1,"garnished:ritualistic_stone":1,"minecraft:iron_ingot":47,"creatingspace:copper_engine_wall":2,"create_dd:inverse_box":8,"minecraft:oak_slab":7,"create:large_water_wheel":11,"minecraft:dandelion":1,"minecraft:quartz":165,"minecraft:lava_bucket":13,"create:brass_tunnel":8,"quark:oak_chest":6,"minecraft:spider_eye":1,"create:wheat_flour":82,"create:brass_ingot":62,"create:encased_fan":12,"minecraft:iron_helmet":1,"regions_unexplored:maple_log":5,"garnished:nut_planks":3,"minecraft:acacia_slab":2,"minecraft:coal":312,"minecraft:sunflower":14},"minecraft:custom":{"minecraft:interact_with_crafting_table":377,"goblintraders:trade_with_goblin":51,"minecraft:leave_game":13,"minecraft:time_since_death":293848,"minecraft:play_time":1484558,"minecraft:deaths":11,"minecraft:jump":11833,"minecraft:enchant_item":1,"minecraft:interact_with_furnace":276,"minecraft:interact_with_cartography_table":2,"minecraft:sleep_in_bed":5,"minecraft:damage_dealt":15829,"minecraft:use_cauldron":37,"minecraft:inspect_hopper":5,"minecraft:damage_dealt_absorbed":50,"minecraft:sneak_time":60556,"minecraft:interact_with_blast_furnace":36,"minecraft:total_world_time":1484558,"minecraft:interact_with_stonecutter":7,"minecraft:time_since_rest":293875,"minecraft:swim_one_cm":63212,"minecraft:fly_one_cm":1497810,"minecraft:open_chest":823,"minecraft:fall_one_cm":260682,"minecraft:sprint_one_cm":1347032,"minecraft:drop":1471,"minecraft:talked_to_villager":1,"minecraft:interact_with_brewingstand":2,"minecraft:walk_on_water_one_cm":48205,"minecraft:crouch_one_cm":215480,"minecraft:mob_kills":117,"minecraft:fill_cauldron":23,"minecraft:interact_with_campfire":1,"minecraft:climb_one_cm":1032,"minecraft:walk_one_cm":4260089,"minecraft:walk_under_water_one_cm":80116,"minecraft:interact_with_grindstone":1,"minecraft:damage_taken":10531,"minecraft:minecart_one_cm":1044},"minecraft:used":{"create:deployer":23,"create:brass_casing":26,"create_connected:encased_chain_cogwheel":18,"minecraft:chest":7,"minecraft:stone":21,"create:fluid_tank":49,"create:white_sail":68,"create:mechanical_crafter":9,"create:depot":17,"minecraft:lava_bucket":103,"farmersdelight:fried_rice":10,"create:andesite_funnel":34,"create:rotation_speed_controller":27,"supplementaries:ash":1,"create:shaft":397,"minecraft:furnace":5,"create:steam_engine":2,"minecraft:oak_sapling":67,"minecraft:egg":6,"minecraft:diorite":2,"minecraft:blackstone":8,"minecraft:wooden_pickaxe":24,"minecraft:oak_leaves":18,"extradelight:ginger":2,"create:spout":7,"create_dd:inverse_box":21,"minecraft:blast_furnace":2,"create_bic_bit:sunflower_seeds":1,"minecraft:diamond_sword":209,"create:basin":8,"delightful:acorn":3,"minecraft:stone_sword":1,"minecraft:acacia_log":34,"garnished:nut_sign":4,"minecraft:netherrack":52,"minecraft:stick":1,"minecraft:torch":297,"create:wrench":1408,"create:gearbox":104,"minecraft:iron_axe":577,"create:encased_chain_drive":67,"minecraft:basalt":68,"create:fluid_pipe":177,"minecraft:acacia_planks":2,"minecraft:cobbled_deepslate":194,"create:belt_connector":175,"minecraft:pointed_dripstone":32,"minecraft:water_bucket":75,"minecraft:cartography_table":1,"create:brass_tunnel":9,"minecraft:cauldron":16,"create:framed_glass_trapdoor":25,"create:blaze_burner":22,"minecraft:polished_blackstone_bricks":2,"minecraft:rail":41,"create:encased_fan":20,"minecraft:crafting_table":15,"minecraft:oak_log":87,"minecraft:diamond_pickaxe":1764,"minecraft:diamond_shovel":477,"minecraft:iron_pickaxe":1520,"create:mechanical_arm":48,"minecraft:cobblestone":1210,"minecraft:cooked_porkchop":24,"quark:oak_chest":30,"minecraft:stripped_oak_log":88,"minecraft:iron_sword":285,"create:analog_lever":1,"create:mechanical_bearing":2,"create:minecart_contraption":13,"create:cogwheel":139,"minecraft:carrot":15,"minecraft:tuff":71,"minecraft:obsidian":31,"minecraft:iron_helmet":1,"create:millstone":3,"minecraft:magma_block":1,"create:mechanical_drill":109,"create:crushing_wheel":7,"minecraft:stone_pickaxe":213,"minecraft:oak_planks":31,"create:mechanical_saw":15,"minecraft:shears":126,"createcafe:coffee_beans":3,"minecraft:lever":5,"minecraft:bread":67,"create:andesite_casing":38,"minecraft:gravel":1,"create:stressometer":2,"minecraft:andesite":28,"create:vertical_gearbox":54,"create:large_cogwheel":87,"minecraft:flint_and_steel":64,"create:item_vault":50,"minecraft:dried_kelp":3,"create:mechanical_pump":23,"minecraft:dirt":114,"create:mechanical_mixer":6,"create:mechanical_plough":2,"minecraft:granite":5,"create:smart_chute":1,"alexsmobs:maggot":2,"minecraft:acacia_slab":3,"create:cart_assembler":13,"minecraft:golden_carrot":21,"minecraft:minecart":6,"minecraft:cooked_beef":5,"create:empty_blaze_burner":3,"minecraft:baked_potato":5,"minecraft:stonecutter":1,"create:brass_funnel":14,"create:linear_chassis":105,"create:mechanical_press":12,"create:windmill_bearing":3,"create:large_water_wheel":31,"minecraft:stone_axe":152,"minecraft:bucket":181,"minecraft:yellow_bed":1,"alexsmobs:animal_dictionary":3,"create:hand_crank":10},"minecraft:dropped":{"minecraft:cooked_beef":3,"supplementaries:blackstone_tile_stairs":1,"minecraft:crafting_table":1,"create:incomplete_precision_mechanism":27,"minecraft:rail":1,"regions_unexplored:maple_planks":6,"regions_unexplored:magnolia_sapling":1,"minecraft:dirt":88,"miners_delight:gossypium":1,"alexsmobs:flying_fish":4,"create_bic_bit:sunflower_seeds":2,"create_dd:inverse_box":2,"minecraft:chain":19,"minecraft:wooden_sword":1,"minecraft:sunflower":14,"quark:oak_chest":2,"minecraft:bone":12,"minecraft:stone_axe":1,"create_new_age:thorium":4,"minecraft:iron_nugget":2076,"alexsmobs:animal_dictionary":3,"minecraft:cobbled_deepslate":37,"minecraft:wheat":96,"minecraft:obsidian":3,"minecraft:rotten_flesh":34,"minecraft:oak_planks":3,"creatingspace:copper_engine_wall":3,"minecraft:nether_brick_fence":1,"create:white_sail":1,"createcafe:cassava_seeds":12,"miners_delight:tentacles":5,"minecraft:hopper":4,"create:mechanical_crafter":20,"minecraft:glass":7,"minecraft:egg":9,"farmersdelight:tomato_seeds":3,"minecraft:iron_ingot":40,"create:rose_quartz":48,"regions_unexplored:fireweed":2,"minecraft:chiseled_nether_bricks":1,"minecraft:wheat_seeds":37,"create:polished_rose_quartz":25,"minecraft:polished_blackstone":4,"minecraft:iron_helmet":2,"minecraft:cobblestone":274,"minecraft:apple":5,"minecraft:granite":19,"supplementaries:blackstone_tile":13,"minecraft:coal_block":1,"regions_unexplored:daisy":1,"minecraft:lava_bucket":12,"minecraft:gray_wool":2,"minecraft:wooden_axe":1,"delightful:acorn":21,"minecraft:dried_kelp":1,"minecraft:smooth_stone":1,"minecraft:iron_shovel":1,"minecraft:paper":28,"minecraft:string":8,"minecraft:acacia_planks":1,"create:raw_zinc":31,"garnished:nut_planks":3,"minecraft:stone_sword":1,"minecraft:bowl":9,"minecraft:clay_ball":15,"decorative_blocks:oak_palisade":6,"minecraft:iron_boots":3,"regions_unexplored:hyssop":4,"create:mechanical_pump":1,"create_sa:small_filling_tank":1,"create:copper_sheet":1,"create_questing:blueprint":3,"minecraft:shears":1,"minecraft:diamond_sword":1,"create:item_vault":32,"minecraft:stone":90,"create:zinc_ingot":216,"minecraft:spider_eye":1,"minecraft:bow":1,"goodending:hanging_oak_leaves":1,"create:brass_casing":15,"create:super_glue":1,"minecraft:oak_log":35,"minecraft:flint":770,"minecraft:polished_blackstone_brick_stairs":2,"farmersdelight:onion":1,"minecraft:gilded_blackstone":4,"create:iron_sheet":10,"minecraft:polished_blackstone_bricks":5,"minecraft:gold_ingot":44,"minecraft:cauldron":14,"create:crushing_wheel":2,"minecraft:gravel":1644,"minecraft:blackstone":15,"regions_unexplored:stripped_magnolia_log":1,"minecraft:pointed_dripstone":24,"minecraft:carrot":9,"supplementaries:ash":500,"creatingspace:iron_engine_wall":1,"minecraft:chest":2,"create:brass_ingot":35,"create:depot":1,"culturaldelights:glow_squid":4,"minecraft:basalt":66,"immersive_aircraft:sail":1,"minecraft:arrow":10,"crabbersdelight:crab":1,"create:water_wheel":7,"minecraft:quartz":165,"minecraft:oak_leaves":89,"minecraft:netherrack":139,"minecraft:water_bucket":1,"regions_unexplored:magnolia_planks":1,"minecraft:oak_slab":10,"minecraft:mossy_cobblestone":12,"createcafe:coffee_beans":12,"minecraft:copper_ingot":300,"minecraft:stick":32,"create:crushed_raw_gold":1,"farmersdelight:fried_rice":1,"create:blaze_burner":5,"minecraft:map":3,"minecraft:iron_leggings":2,"minecraft:bucket":104,"minecraft:dandelion":1,"minecraft:polished_deepslate":2,"minecraft:kelp":114,"minecraft:raw_copper":2,"minecraft:tuff":34,"regions_unexplored:ash_vent":1,"minecraft:iron_chestplate":2,"minecraft:andesite":23,"minecraft:oak_sapling":91,"minecraft:wooden_pickaxe":1,"minecraft:stone_pickaxe":6,"minecraft:raw_gold":1,"minecraft:magma_cream":1,"creatingspace:brass_engine_wall":5,"create:empty_blaze_burner":2,"quark:andesite_bricks":1,"create:golden_sheet":5},"minecraft:killed":{"minecraft:skeleton":8,"alexsmobs:straddler":2,"crabbersdelight:crab":1,"minecraft:magma_cube":13,"alexsmobs:seal":1,"minecraft:zombie":29,"minecraft:glow_squid":1,"minecraft:cow":6,"minecraft:spider":7,"quark:forgotten":1,"minecraft:bee":2,"minecraft:piglin":3,"minecraft:pig":7,"minecraft:zombie_villager":1,"alexsmobs:stradpole":2,"minecraft:sheep":5,"minecraft:ghast":1,"alexsmobs:fly":3,"minecraft:blaze":1,"alexsmobs:soul_vulture":3,"alexsmobs:skunk":1,"quark:foxhound":3,"minecraft:wither_skeleton":9},"minecraft:mined":{"create:copper_casing":7,"regions_unexplored:brimsprout":2,"create:andesite_casing":57,"regions_unexplored:magnolia_log":33,"minecraft:obsidian":37,"minecraft:granite":28,"minecraft:chiseled_polished_blackstone":3,"minecraft:acacia_log":1,"minecraft:deepslate_tile_stairs":1,"create:belt":22,"create:rotation_speed_controller":17,"createmetallurgy:wolframite_ore":4,"minecraft:spawner":4,"minecraft:polished_blackstone_bricks":7,"minecraft:tall_seagrass":7,"minecraft:magma_block":4,"regions_unexplored:stone_bud":14,"minecraft:cobbled_deepslate":61,"minecraft:fire":17,"createindustry:nickel_ore":4,"minecraft:deepslate_lapis_ore":5,"goodending:hanging_oak_leaves_plant":1,"create:mechanical_plough":1,"createindustry:sulfur":20,"create:mechanical_press":9,"create:limestone":1,"create:cogwheel":52,"creatingspace:nickel_ore":29,"minecraft:kelp_plant":31,"minecraft:soul_fire":1,"minecraft:torch":8,"minecraft:sugar_cane":18,"create:basin":6,"create:andesite_belt_funnel":3,"regions_unexplored:hyssop":6,"create:mechanical_mixer":4,"create:brass_belt_funnel":1,"minecraft:grass":59,"supplementaries:blackstone_tile":14,"createindustry:deepslate_lithium_ore":13,"create:hand_crank":1,"create:linear_chassis":7,"minecraft:deepslate":376,"regions_unexplored:fireweed":2,"create:zinc_ore":1,"quark:andesite_bricks":1,"create:millstone":3,"create:fluid_tank":10,"minecraft:nether_bricks":1,"create_new_age:thorium_ore":41,"create:encased_fan":2,"minecraft:red_mushroom":1,"minecraft:kelp":1,"minecraft:redstone_ore":2,"create:shaft":152,"minecraft:andesite":33,"create:cart_assembler":3,"minecraft:rail":26,"create:deployer":5,"goodending:hanging_oak_leaves":2,"createindustry:deepslate_nickel_ore":5,"regions_unexplored:ash_vent":1,"garnished:nut_sign":1,"minecraft:chiseled_nether_bricks":2,"quark:oak_chest":6,"create:fluid_pipe":13,"create:mechanical_pump":1,"minecraft:tall_grass":2,"minecraft:copper_ore":152,"minecraft:deepslate_gold_ore":11,"minecraft:diorite":22,"create:water_wheel_structure":5,"create:blaze_burner":2,"minecraft:coarse_dirt":2,"create:gearbox":78,"create:mechanical_drill":6,"create:crushing_wheel":2,"regions_unexplored:stripped_magnolia_log":1,"minecraft:sunflower":3,"minecraft:gravel":1,"minecraft:polished_blackstone":4,"create:andesite_funnel":9,"miners_delight:wild_cave_carrots":1,"create:deepslate_zinc_ore":22,"minecraft:oak_sapling":61,"regions_unexplored:maple_log":5,"minecraft:grass_block":212,"creatingspace:deepslate_nickel_ore":15,"minecraft:gilded_blackstone":5,"minecraft:smooth_stone":8,"minecraft:glowstone":10,"supplementaries:ash":84,"minecraft:iron_ore":88,"regions_unexplored:mossy_stone":12,"minecraft:pointed_dripstone":12,"supplementaries:stick":1,"minecraft:deepslate_redstone_ore":53,"minecraft:blackstone":34,"garnished:ritualistic_stone":1,"minecraft:chest":5,"create:brass_casing":31,"garnished:nut_wall_sign":1,"minecraft:nether_quartz_ore":94,"minecraft:cobblestone":335,"supplementaries:blackstone_tile_stairs":1,"minecraft:oak_planks":10,"minecraft:wall_torch":31,"minecraft:cauldron":16,"minecraft:deepslate_copper_ore":28,"create:large_water_wheel":6,"minecraft:seagrass":6,"extradelight:wild_ginger":3,"minecraft:lava_cauldron":2,"create:spout":2,"minecraft:oak_log":323,"minecraft:sand":126,"minecraft:dirt":86,"create:encased_chain_drive":11,"minecraft:netherrack":236,"minecraft:oak_leaves":268,"create_connected:encased_chain_cogwheel":9,"minecraft:tuff":126,"minecraft:deepslate_diamond_ore":12,"minecraft:lever":4,"create:large_cogwheel":32,"create:depot":9,"minecraft:acacia_slab":2,"minecraft:sandstone":6,"minecraft:large_fern":3,"minecraft:hay_block":10,"minecraft:furnace":6,"create:white_sail":2,"minecraft:nether_brick_fence":2,"minecraft:deepslate_iron_ore":21,"minecraft:stripped_oak_log":29,"regions_unexplored:medium_grass":15,"minecraft:stone":503,"regions_unexplored:brimsprout_nylium":1,"create:analog_lever":1,"garnished:nut_planks":3,"minecraft:basalt":155,"supplementaries:ashen_basalt":1,"minecraft:crafting_table":7,"regions_unexplored:daisy":1,"minecraft:polished_blackstone_brick_stairs":2,"supplementaries:urn":5,"minecraft:cactus":14,"minecraft:polished_blackstone_stairs":2,"minecraft:coal_ore":141,"create:mechanical_crafter":7,"create_dd:inverse_box":10},"minecraft:crafted":{"regions_unexplored:maple_planks":20,"minecraft:lever":1,"minecraft:diamond_shovel":1,"create:item_vault":32,"create:vertical_gearbox":5,"minecraft:glass":32,"create:rotation_speed_controller":5,"create:andesite_funnel":16,"minecraft:diamond_helmet":1,"minecraft:diamond_leggings":1,"sophisticatedbackpacks:tank_upgrade":1,"createindustry:nickel_ingot":4,"minecraft:dried_kelp_block":7,"create:brass_funnel":2,"create:cogwheel":234,"create_connected:encased_chain_cogwheel":10,"create:mechanical_plough":1,"create:rose_quartz":40,"minecraft:emerald":24,"minecraft:cooked_porkchop":15,"minecraft:acacia_slab":66,"minecraft:copper_ingot":440,"minecraft:sticky_piston":1,"create:encased_chain_drive":44,"create:mechanical_mixer":2,"create:gearbox":35,"quark:oak_chest":45,"minecraft:compass":1,"minecraft:iron_pickaxe":6,"minecraft:gold_ingot":125,"create:large_cogwheel":60,"minecraft:golden_carrot":21,"everycomp:q/regions_unexplored/magnolia_chest":9,"create:wrench":1,"minecraft:iron_nugget":2513,"create:white_sail":50,"create:smart_chute":1,"minecraft:bone_meal":24,"creatingspace:nickel_ingot":33,"sophisticatedbackpacks:advanced_pump_upgrade":1,"minecraft:stone_pickaxe":3,"minecraft:diamond_boots":1,"create:electron_tube":5,"create:belt_connector":24,"create:windmill_bearing":1,"regions_unexplored:magnolia_planks":100,"minecraft:wheat":90,"minecraft:dried_kelp":297,"create:dough":10,"create_sa:small_filling_tank":1,"sophisticatedbackpacks:gold_backpack":1,"create:speedometer":1,"create:mechanical_arm":1,"minecraft:wooden_axe":1,"minecraft:iron_leggings":2,"create:shaft":464,"minecraft:oak_planks":1516,"minecraft:barrel":144,"minecraft:stone":1,"create:mechanical_bearing":2,"create:deployer":3,"minecraft:green_dye":23,"minecraft:hopper":4,"minecraft:bow":1,"minecraft:iron_boots":2,"create:cart_assembler":1,"garnished:nut_planks":20,"minecraft:chest":5,"create:spout":1,"minecraft:copper_block":1,"minecraft:rail":16,"create:brass_hand":3,"minecraft:oak_slab":352,"create:depot":3,"sophisticatedbackpacks:backpack":1,"quark:blossom_planks":44,"minecraft:cauldron":17,"minecraft:crafting_table":9,"create:mechanical_saw":5,"create:piston_extension_pole":8,"create:fluid_pipe":52,"minecraft:wooden_pickaxe":1,"minecraft:baked_potato":5,"minecraft:iron_helmet":2,"create:sand_paper":8,"sophisticatedbackpacks:upgrade_base":2,"create:stressometer":1,"minecraft:dispenser":1,"minecraft:iron_chestplate":2,"minecraft:paper":36,"create_dd:inverse_box":9,"minecraft:diamond_pickaxe":1,"create:water_wheel":16,"create:framed_glass_trapdoor":27,"create:super_glue":4,"minecraft:stick":208,"create:mechanical_pump":16,"minecraft:iron_ingot":293,"minecraft:stone_sword":1,"garnished:nut_sign":3,"minecraft:shears":2,"create:chute":4,"minecraft:wooden_sword":1,"minecraft:redstone":9,"create:steam_engine":1,"immersive_aircraft:sail":1,"minecraft:furnace":1,"minecraft:blast_furnace":2,"minecraft:piston":2,"minecraft:oak_trapdoor":34,"minecraft:flint_and_steel":1,"minecraft:polished_deepslate":4,"minecraft:iron_axe":3,"minecraft:slime_ball":10,"create:millstone":1,"minecraft:lime_dye":18,"create:fluid_tank":87,"create:basin":1,"create:analog_lever":1,"minecraft:minecart":1,"sophisticatedbackpacks:iron_backpack":1,"minecraft:cooked_beef":8,"create:andesite_alloy":166,"create:hand_crank":1,"minecraft:diamond_sword":1,"quark:vertical_oak_planks":3,"minecraft:iron_sword":1,"create:large_water_wheel":15,"minecraft:bucket":89,"minecraft:stone_axe":1,"minecraft:bread":69,"minecraft:air":0,"sophisticatedbackpacks:pump_upgrade":1,"create:whisk":2,"minecraft:gold_nugget":1080,"minecraft:white_dye":24,"create:linear_chassis":111,"minecraft:stonecutter":1,"create:mechanical_drill":40,"minecraft:andesite":128,"minecraft:acacia_planks":380,"minecraft:torch":248,"create:zinc_ingot":113,"minecraft:diamond_chestplate":1}},"DataVersion":3120}