{"stats":{"minecraft:crafted":{"minecraft:oak_planks":1716,"minecraft:barrel":156,"minecraft:melon_slice":33,"regions_unexplored:maple_planks":123,"minecraft:chain":19,"create:mechanical_harvester":12,"minecraft:stone":8,"minecraft:lever":1,"create:item_vault":32,"extendedgears:large_shaftless_cogwheel":11,"create:mechanical_bearing":3,"decoration_delight:oak_countertop":2,"create:deployer":5,"minecraft:cooked_mutton":6,"minecraft:iron_bars":16,"create:rotation_speed_controller":1,"minecraft:glass":6,"create:andesite_funnel":6,"minecraft:iron_boots":2,"create:mechanical_press":2,"minecraft:melon_seeds":4,"extendedgears:shaftless_cogwheel":78,"create:spout":3,"minecraft:oak_button":81,"minecraft:copper_block":5,"minecraft:dried_kelp_block":3,"create:brass_funnel":12,"minecraft:stone_hoe":1,"create:cogwheel":77,"create:brass_hand":5,"minecraft:oak_slab":480,"create:depot":2,"create:rose_quartz":16,"minecraft:cooked_porkchop":8,"minecraft:crafting_table":12,"create:fluid_pipe":60,"minecraft:iron_helmet":2,"minecraft:wooden_pickaxe":1,"minecraft:copper_ingot":371,"create:sand_paper":3,"minecraft:campfire":4,"create:encased_chain_drive":13,"create:clutch":1,"create:gearbox":11,"create:encased_fan":10,"create:andesite_tunnel":2,"minecraft:charcoal":116,"minecraft:iron_chestplate":3,"minecraft:paper":3,"minecraft:diamond_pickaxe":1,"minecraft:stick":164,"regions_unexplored:maple_button":8,"quark:oak_chest":19,"create:mechanical_pump":4,"minecraft:iron_ingot":70,"minecraft:iron_pickaxe":8,"minecraft:iron_block":2,"minecraft:gold_ingot":25,"create:large_cogwheel":12,"create:propeller":14,"regions_unexplored:maple_slab":36,"minecraft:shears":1,"create:empty_blaze_burner":6,"create:chute":4,"minecraft:oak_door":3,"minecraft:stone_shovel":1,"create:wrench":1,"create:steam_engine":5,"minecraft:iron_nugget":900,"create:white_sail":134,"minecraft:furnace":10,"minecraft:flint_and_steel":1,"minecraft:iron_axe":1,"minecraft:iron_hoe":1,"minecraft:stone_pickaxe":22,"create:fluid_tank":77,"immersive_aircraft:quadrocopter":1,"create:hose_pulley":1,"create:basin":2,"create:electron_tube":28,"create:belt_connector":3,"create:windmill_bearing":3,"create:gantry_carriage":2,"create:andesite_alloy":422,"create:hand_crank":3,"immersive_aircraft:boiler":1,"create:brass_tunnel":20,"minecraft:dried_kelp":79,"minecraft:iron_sword":2,"create:goggles":3,"create:item_drain":3,"minecraft:bucket":20,"minecraft:stone_axe":2,"minecraft:bread":23,"minecraft:air":0,"create:gantry_shaft":8,"create:linear_chassis":15,"create:mechanical_crafter":21,"minecraft:iron_shovel":1,"minecraft:iron_leggings":3,"create:shaft":112,"minecraft:andesite":722,"minecraft:torch":128,"create:zinc_ingot":55},"minecraft:dropped":{"create:belt_connector":9,"create:super_glue":1,"minecraft:iron_sword":1,"alexsmobs:straddlite":1,"create:vertical_gearbox":2,"minecraft:diamond":7,"minecraft:crafting_table":1,"createcafe:cassava_root":20,"create:incomplete_precision_mechanism":4,"create:fluid_tank":12,"regions_unexplored:maple_planks":1,"minecraft:flint":1612,"create:brass_sheet":30,"minecraft:dirt":331,"create:fluid_pipe":55,"garnished:ungarnished_hazelnut":1,"alexsmobs:flying_fish":1,"create_dd:inverse_box":2,"farmersdelight:onion":132,"minecraft:chain":19,"supplementaries:flax":2,"create:iron_sheet":127,"create:goggles":2,"minecraft:iron_pickaxe":1,"minecraft:white_wool":19,"garnished:ungarnished_macadamia":1,"create:crushing_wheel":2,"minecraft:gold_ingot":12,"minecraft:bone":6,"minecraft:gravel":715,"minecraft:stone_axe":1,"create:brass_tunnel":6,"minecraft:iron_nugget":862,"minecraft:cobbled_deepslate":567,"minecraft:wheat":4,"minecraft:obsidian":2,"minecraft:beetroot":24,"minecraft:rotten_flesh":17,"minecraft:oak_planks":3,"regions_unexplored:maple_sapling":1,"creatingspace:copper_engine_wall":1,"minecraft:cooked_mutton":1,"minecraft:carrot":202,"createcafe:cassava_seeds":7,"supplementaries:flax_seeds":5,"create:encased_fan":13,"miners_delight:tentacles":3,"creatingspace:iron_engine_wall":4,"minecraft:beetroot_seeds":21,"create:gearbox":10,"culturaldelights:glow_squid":1,"minecraft:basalt":7,"minecraft:arrow":2,"create:andesite_alloy":66,"createcafe:coffee_fruit":62,"garnished:ungarnished_chestnut":1,"farmersdelight:tomato_seeds":2,"minecraft:stone_hoe":1,"minecraft:iron_ingot":28,"minecraft:oak_slab":2,"minecraft:wheat_seeds":170,"createcafe:coffee_beans":20,"minecraft:dripstone_block":32,"minecraft:cobblestone":1400,"minecraft:apple":7,"minecraft:granite":16,"minecraft:copper_ingot":72,"minecraft:grass_block":7,"minecraft:stick":6,"create:andesite_casing":22,"minecraft:lava_bucket":2,"minecraft:diorite":3,"minecraft:torch":1,"minecraft:melon_slice":1,"delightful:acorn":12,"minecraft:iron_shovel":1,"minecraft:bucket":78,"minecraft:redstone":69,"minecraft:smooth_basalt":9,"farmersdelight:rotten_tomato":1,"create:brass_funnel":3,"alexsmobs:maggot":1,"garnished:nut_planks":6,"create:shaft":5,"minecraft:bowl":4,"minecraft:tuff":1,"create:encased_chain_drive":7,"minecraft:raw_iron":7,"minecraft:stone_shovel":1,"sophisticatedbackpacks:backpack":1,"farmersdelight:straw":47,"create:copper_sheet":1,"create_questing:blueprint":5,"minecraft:flint_and_steel":1,"garnished:ungarnished_pecan":1,"create:item_vault":20,"minecraft:stone":66,"minecraft:oak_button":2,"create:zinc_ingot":74,"minecraft:diamond_pickaxe":1,"minecraft:andesite":2,"minecraft:oak_sapling":53,"minecraft:spider_eye":1,"goodending:hanging_oak_leaves":1,"minecraft:wooden_pickaxe":1,"minecraft:stone_pickaxe":8,"creatingspace:brass_engine_wall":1,"farmersdelight:tomato":19,"create:empty_blaze_burner":5,"create:andesite_funnel":1,"create:golden_sheet":1},"minecraft:picked_up":{"minecraft:wheat":208,"minecraft:redstone_block":86,"create:mechanical_crafter":20,"supplementaries:bomb_blue":1,"create:item_drain":3,"regions_unexplored:maple_planks":1,"garnished:ungarnished_macadamia":1,"minecraft:string":15,"createindustry:raw_nickel":13,"minecraft:raw_copper":348,"minecraft:beetroot":36,"create:andesite_funnel":1,"create:water_wheel":5,"minecraft:cobbled_deepslate":554,"extradelight:corn_seeds":2,"minecraft:bucket":47,"delightful:acorn":16,"createindustry:raw_lead":8,"minecraft:melon_slice":1,"minecraft:stick":74,"createcafe:coffee_fruit":70,"miners_delight:tentacles":3,"farmersdelight:rotten_tomato":4,"minecraft:torch":57,"create:andesite_casing":87,"minecraft:porkchop":2,"createcafe:cassava_seeds":13,"minecraft:diorite":147,"supplementaries:flax":5,"minecraft:cauldron":3,"create:large_cogwheel":1,"garnished:ungarnished_chestnut":1,"minecraft:rotten_flesh":23,"createcafe:coffee_beans":33,"create:copper_casing":9,"farmersdelight:onion":179,"create:veridium":47,"minecraft:deepslate_copper_ore":26,"minecraft:obsidian":5,"alexsmobs:flying_fish":1,"minecraft:cobblestone":1938,"create:fluid_tank":3,"minecraft:andesite":80,"create:belt_connector":10,"minecraft:flint":336,"minecraft:tuff":27,"create:raw_zinc":50,"supplementaries:flax_seeds":10,"minecraft:lapis_lazuli":124,"farmersdelight:tomato":46,"minecraft:dirt":484,"culturaldelights:glow_squid":1,"minecraft:bone":8,"delightful:mini_melon":11,"minecraft:wheat_seeds":411,"minecraft:raw_gold":48,"create_new_age:magnetite_block":2,"create:goggles":1,"create:shaft":11,"immersive_aircraft:sail":1,"create:super_glue":2,"minecraft:oak_planks":51,"create_questing:blueprint":4,"create:cogwheel":3,"minecraft:sand":11,"createindustry:raw_lithium":7,"creatingspace:brass_engine_wall":1,"minecraft:grass_block":9,"goodending:hanging_oak_leaves":1,"minecraft:diamond":29,"minecraft:lever":1,"minecraft:granite":19,"alexsmobs:maggot":1,"minecraft:oak_sapling":63,"minecraft:netherrack":141,"create:white_sail":1,"minecraft:diamond_pickaxe":1,"create:copper_sheet":2,"creatingspace:raw_nickel":50,"minecraft:charcoal":4,"minecraft:crafting_table":6,"minecraft:azure_bluet":1,"creatingspace:iron_engine_wall":2,"garnished:ungarnished_pecan":1,"create:gantry_carriage":1,"create:fluid_pipe":1,"minecraft:iron_shovel":2,"create:deepslate_zinc_ore":10,"farmersdelight:straw":99,"create:zinc_ore":6,"minecraft:iron_nugget":298,"minecraft:sugar_cane":20,"minecraft:chest":1,"minecraft:egg":1,"minecraft:copper_ore":132,"create:polished_rose_quartz":24,"minecraft:raw_iron":101,"minecraft:stone":208,"minecraft:oak_door":1,"create:golden_sheet":5,"minecraft:copper_ingot":38,"minecraft:bowl":1,"alexsmobs:straddlite":1,"sophisticatedbackpacks:backpack":2,"farmersdelight:tomato_seeds":7,"create:hand_crank":1,"minecraft:carrot":228,"minecraft:redstone":312,"create:brass_casing":18,"create:deployer":16,"minecraft:arrow":10,"regions_unexplored:mauve_sapling":1,"regions_unexplored:maple_sapling":1,"minecraft:beetroot_seeds":42,"create:depot":2,"minecraft:gold_ingot":50,"minecraft:white_wool":108,"minecraft:stripped_oak_log":27,"create:iron_sheet":6,"garnished:ungarnished_hazelnut":1,"minecraft:basalt":39,"create:framed_glass_trapdoor":1,"minecraft:oak_log":270,"create:andesite_alloy":106,"create:blaze_burner":5,"createindustry:galena":33,"create:item_vault":32,"minecraft:cooked_mutton":1,"create:crushing_wheel":2,"minecraft:apple":7,"minecraft:kelp":275,"minecraft:iron_ingot":26,"minecraft:stone_pickaxe":1,"creatingspace:copper_engine_wall":2,"quark:music_disc_chatter":1,"minecraft:iron_sword":2,"create_dd:inverse_box":1,"minecraft:oak_slab":3,"minecraft:smooth_basalt":9,"create:hose_pulley":1,"minecraft:quartz":164,"minecraft:dripstone_block":32,"minecraft:gravel":348,"minecraft:lava_bucket":1,"quark:oak_chest":4,"minecraft:spider_eye":1,"create:gearbox":3,"create:brass_ingot":91,"create:encased_fan":3,"minecraft:iron_helmet":1,"regions_unexplored:maple_log":30,"create:rose_quartz":8,"garnished:nut_planks":6,"createcafe:cassava_root":40,"minecraft:coal":113},"minecraft:killed":{"minecraft:spider":10,"minecraft:skeleton":23,"alexsmobs:straddler":6,"minecraft:magma_cube":12,"minecraft:pig":1,"alexsmobs:stradpole":2,"minecraft:creeper":2,"minecraft:zombie":49,"goblintraders:goblin_trader":1,"minecraft:enderman":1},"minecraft:broken":{"minecraft:iron_shovel":1,"minecraft:iron_boots":1,"minecraft:iron_chestplate":1,"minecraft:iron_leggings":1,"minecraft:stone_pickaxe":14,"minecraft:stone_axe":1,"minecraft:iron_sword":1,"minecraft:iron_pickaxe":1,"create:sand_paper":2},"minecraft:used":{"create:deployer":70,"minecraft:iron_shovel":114,"minecraft:chest":1,"minecraft:stone":114,"minecraft:iron_sword":432,"immersive_aircraft:quadrocopter":1,"create:mechanical_bearing":3,"minecraft:iron_chestplate":2,"create:fluid_tank":61,"create:white_sail":183,"create:cogwheel":37,"create:mechanical_crafter":43,"minecraft:carrot":306,"create:depot":6,"minecraft:tuff":1,"minecraft:azure_bluet":1,"minecraft:obsidian":3,"farmersdelight:fried_rice":10,"minecraft:lava_bucket":16,"minecraft:deepslate_copper_ore":26,"minecraft:grass_block":2,"minecraft:copper_ore":132,"minecraft:iron_helmet":1,"create_new_age:magnetite_block":1,"create:andesite_funnel":19,"supplementaries:bomb_blue":1,"create:rotation_speed_controller":1,"create:mechanical_drill":4,"create:shaft":144,"minecraft:oak_sapling":5,"create:steam_engine":4,"minecraft:furnace":10,"minecraft:egg":1,"create:crushing_wheel":2,"minecraft:oak_planks":119,"minecraft:stone_pickaxe":1945,"minecraft:wooden_pickaxe":28,"create:spout":3,"minecraft:glow_berries":10,"minecraft:sand":2,"decoration_delight:oak_countertop":2,"createcafe:coffee_beans":5,"minecraft:lever":2,"minecraft:melon_slice":29,"minecraft:bread":25,"create:andesite_casing":11,"minecraft:gravel":1,"create:basin":4,"minecraft:andesite":1,"create:vertical_gearbox":2,"create:large_cogwheel":14,"minecraft:flint_and_steel":2,"create:item_vault":56,"minecraft:stone_shovel":132,"create:veridium":31,"minecraft:netherrack":38,"minecraft:oak_door":3,"regions_unexplored:maple_planks":1,"minecraft:torch":178,"minecraft:dirt":87,"create:mechanical_pump":8,"create:mechanical_mixer":1,"minecraft:granite":3,"create:chute":4,"minecraft:iron_hoe":46,"create:gearbox":15,"create:wrench":592,"minecraft:iron_axe":236,"create:hose_pulley":5,"minecraft:iron_boots":1,"minecraft:barrel":1,"create:encased_chain_drive":16,"minecraft:basalt":32,"create:gantry_carriage":3,"quark:andesite_bricks":16,"create:fluid_pipe":14,"farmersdelight:tomato_seeds":3,"minecraft:cobbled_deepslate":42,"create:gantry_shaft":4,"create:belt_connector":74,"minecraft:iron_leggings":1,"minecraft:cooked_mutton":6,"minecraft:wheat_seeds":23,"minecraft:water_bucket":18,"create:brass_tunnel":12,"minecraft:cauldron":4,"garnished:nut_planks":3,"create:blaze_burner":1,"create:item_drain":7,"farmersdelight:onion":1,"create:encased_fan":1,"create:brass_funnel":10,"minecraft:crafting_table":10,"minecraft:oak_slab":37,"create:mechanical_harvester":16,"minecraft:campfire":4,"minecraft:oak_log":199,"create:linear_chassis":23,"minecraft:diamond_pickaxe":851,"create:mechanical_press":7,"create:windmill_bearing":3,"minecraft:iron_pickaxe":549,"create:water_wheel":5,"create:large_water_wheel":3,"minecraft:stone_axe":161,"minecraft:cobblestone":619,"minecraft:bucket":43,"create:hand_crank":9,"create:clutch":1,"quark:oak_chest":23,"alexsmobs:animal_dictionary":1,"minecraft:stripped_oak_log":14},"minecraft:custom":{"minecraft:interact_with_crafting_table":253,"minecraft:open_barrel":3,"minecraft:leave_game":11,"minecraft:time_since_death":199479,"minecraft:sprint_one_cm":2235759,"minecraft:drop":826,"minecraft:play_time":1227083,"minecraft:deaths":6,"minecraft:interact_with_brewingstand":1,"minecraft:jump":10720,"minecraft:walk_on_water_one_cm":52711,"minecraft:interact_with_furnace":154,"minecraft:sleep_in_bed":5,"minecraft:damage_dealt":19489,"minecraft:crouch_one_cm":43067,"minecraft:use_cauldron":11,"minecraft:mob_kills":111,"minecraft:fill_cauldron":4,"minecraft:walk_one_cm":3247432,"minecraft:damage_dealt_absorbed":140,"minecraft:sneak_time":16545,"minecraft:walk_under_water_one_cm":39232,"minecraft:interact_with_blast_furnace":50,"minecraft:total_world_time":1227083,"minecraft:time_since_rest":199507,"minecraft:damage_taken":8976,"minecraft:swim_one_cm":129815,"minecraft:fly_one_cm":1857060,"minecraft:open_chest":840,"minecraft:fall_one_cm":254957},"minecraft:mined":{"create:deepslate_zinc_ore":41,"create:copper_casing":9,"regions_unexplored:maple_log":30,"create:andesite_casing":88,"minecraft:obsidian":5,"minecraft:granite":23,"minecraft:grass_block":222,"creatingspace:deepslate_nickel_ore":21,"minecraft:coal_block":1,"minecraft:tall_seagrass":1,"regions_unexplored:stone_bud":2,"minecraft:iron_ore":62,"minecraft:fire":7,"minecraft:cobbled_deepslate":18,"createindustry:nickel_ore":8,"minecraft:deepslate_lapis_ore":19,"minecraft:azure_bluet":1,"create:veridium":57,"minecraft:deepslate_redstone_ore":66,"creatingspace:nickel_ore":29,"minecraft:kelp_plant":40,"minecraft:torch":37,"minecraft:chest":1,"create:brass_casing":4,"minecraft:cobblestone":119,"extradelight:corn_bottom":1,"minecraft:oak_planks":32,"minecraft:sugar_cane":10,"minecraft:wall_torch":13,"minecraft:deepslate_copper_ore":59,"minecraft:wheat":8,"minecraft:grass":18,"minecraft:oak_log":76,"delightful:mini_melon":11,"create:framed_glass_trapdoor":1,"createindustry:deepslate_lithium_ore":7,"minecraft:sand":11,"minecraft:dirt":85,"minecraft:smooth_basalt":3,"minecraft:netherrack":2,"minecraft:deepslate":973,"create:zinc_ore":27,"minecraft:tuff":95,"minecraft:deepslate_diamond_ore":26,"minecraft:oak_door":1,"minecraft:lever":1,"minecraft:redstone_ore":6,"minecraft:carrots":9,"minecraft:andesite":131,"createindustry:galena":37,"createcafe:coffee_crop":8,"createindustry:lead_ore":3,"minecraft:deepslate_iron_ore":40,"minecraft:stripped_oak_log":26,"goodending:hanging_oak_leaves":2,"createindustry:deepslate_nickel_ore":5,"minecraft:stone":804,"minecraft:oak_slab":2,"create:hose_pulley":1,"quark:oak_chest":4,"minecraft:basalt":22,"create_new_age:magnetite_block":2,"supplementaries:ashen_basalt":2,"minecraft:crafting_table":6,"minecraft:campfire":4,"minecraft:copper_ore":184,"minecraft:deepslate_gold_ore":46,"minecraft:lapis_ore":2,"minecraft:sculk":1,"minecraft:diorite":147,"supplementaries:urn":9,"createindustry:deepslate_lead_ore":5,"create:mechanical_drill":1,"minecraft:coal_ore":113,"minecraft:gravel":40,"minecraft:dripstone_block":16,"minecraft:cobweb":1,"minecraft:gold_ore":2},"minecraft:killed_by":{"alexsmobs:straddler":2,"quark:forgotten":2,"minecraft:zombie":1}},"DataVersion":3120}